pair_id,split,expected_relation,difficulty,is_synthetic,text_a,text_b,current_rationale,reviewer_1_label,reviewer_1_notes,reviewer_2_label,reviewer_2_notes,adjudicated_label
DCV2_TEST_0015,test,CONDITIONAL_VARIANT,hard,True,"08/2026 | 175–340,5 triệu đồng/m²; nguồn khác 107–210 triệu đồng/m² | Căn hộ; chênh lệch nguồn đáng kể | Trung bình/Thấp","08/2026 | 175–340,5 triệu đồng/m²; nguồn khác 107–210 triệu đồng/m² | Căn hộ; giá giao dịch đã công chứng | Trung bình/Thấp","B gắn qualifier 'giao dịch đã công chứng', khác bản chất với giá chào/giới thiệu dù con số bề mặt giữ nguyên.",,,,,
DCV2_TEST_0031,test,CONDITIONAL_VARIANT,hard,True,"08/2026 | Khoảng 120–130 triệu đồng/m²; ví dụ 19,5 tỷ/155 m² | Thấp tầng; giá chào | Thấp–TB","08/2026 | Khoảng 120–130 triệu đồng/m²; ví dụ 19,5 tỷ/155 m² | Thấp tầng; giá giao dịch đã công chứng | Thấp–TB","B gắn qualifier 'giao dịch đã công chứng', khác bản chất với giá chào/giới thiệu dù con số bề mặt giữ nguyên.",,,,,
DCV2_TEST_0047,test,CONDITIONAL_VARIANT,hard,True,08/2026 | Khoảng 130–180 triệu đồng/m² theo bài thị trường | Thấp tầng; giá tham khảo | Thấp–TB,08/2026 | Khoảng 130–180 triệu đồng/m² theo bài thị trường | Thấp tầng; giá giao dịch đã công chứng | Thấp–TB,"B gắn qualifier 'giao dịch đã công chứng', khác bản chất với giá chào/giới thiệu dù con số bề mặt giữ nguyên.",,,,,
DCV2_TEST_0063,test,CONDITIONAL_VARIANT,hard,True,"08/2026 | Metropolis 184,5–289,2; Skylake 121,9–164,9 triệu đồng/m²; West Point: chưa đủ dải tin cậy | Căn hộ; giá chào | Trung bình/Thấp","08/2026 | Metropolis 184,5–289,2; Skylake 121,9–164,9 triệu đồng/m²; West Point: chưa đủ dải tin cậy | Căn hộ; giá giao dịch đã công chứng | Trung bình/Thấp","B gắn qualifier 'giao dịch đã công chứng', khác bản chất với giá chào/giới thiệu dù con số bề mặt giữ nguyên.",,,,,
DCV2_TEST_0013,test,CONFLICT,hard,True,"Khoảng 25 ha; tổ hợp căn hộ cao cấp, thương mại, cảnh quan ven sông và ga metro lân cận.","Khoảng 35 ha; tổ hợp căn hộ cao cấp, thương mại, cảnh quan ven sông và ga metro lân cận.",Cùng entity/scope nhưng số đầu tiên của quy mô đổi từ 25 thành 35.,,,,,
DCV2_TEST_0014,test,CONFLICT,hard,True,Đã bàn giao/vận hành; thị trường thứ cấp cao cấp.,Dự án chưa bàn giao và chưa vận hành.,B đảo trạng thái bàn giao/vận hành trong cùng scope và cùng mốc tham chiếu.,,,,,
DCV2_TEST_0029,test,CONFLICT,hard,True,"Khoảng 49,2 ha; nguồn thứ cấp nêu khoảng 1.153 sản phẩm thấp tầng.","Khoảng 59,2 ha; nguồn thứ cấp nêu khoảng 1.153 sản phẩm thấp tầng.","Cùng entity/scope nhưng số đầu tiên của quy mô đổi từ 49,2 thành 59,2.",,,,,
DCV2_TEST_0030,test,CONFLICT,hard,True,Đã bàn giao/vận hành theo phân khu.,Dự án chưa bàn giao và chưa vận hành.,B đảo trạng thái bàn giao/vận hành trong cùng scope và cùng mốc tham chiếu.,,,,,
DCV2_TEST_0045,test,CONFLICT,hard,True,"Khoảng 68,3 ha; nguồn dự án nêu khoảng 378 sản phẩm thấp tầng.","Khoảng 78,3 ha; nguồn dự án nêu khoảng 378 sản phẩm thấp tầng.","Cùng entity/scope nhưng số đầu tiên của quy mô đổi từ 68,3 thành 78,3.",,,,,
DCV2_TEST_0046,test,CONFLICT,hard,True,Đã hình thành/vận hành; quỹ chuyển nhượng.,Dự án chưa bàn giao và chưa vận hành.,B đảo trạng thái bàn giao/vận hành trong cùng scope và cùng mốc tham chiếu.,,,,,
DCV2_TEST_0061,test,CONFLICT,hard,True,"Metropolis: 3 tháp, khoảng 1.544 căn; Skylake và West Point là các tổ hợp căn hộ – thương mại riêng biệt.","Metropolis: 5 tháp, khoảng 1.544 căn; Skylake và West Point là các tổ hợp căn hộ – thương mại riêng biệt.",Cùng entity/scope nhưng số đầu tiên của quy mô đổi từ 3 thành 5.,,,,,
DCV2_TEST_0062,test,CONFLICT,hard,True,Các dự án đã bàn giao và có thị trường thứ cấp.,Dự án chưa bàn giao và chưa vận hành.,B đảo trạng thái bàn giao/vận hành trong cùng scope và cùng mốc tham chiếu.,,,,,
DCV2_TEST_0065,test,DISTINCT,hard,False,"Ngày 15/4/2025, Xanh SM công bố triển khai đồng bộ hệ thống giám sát an toàn S2S (Secure to Safe) trên đội taxi điện toàn quốc. Giải pháp hướng tới bảo vệ cả hành khách và tài xế, đặc biệt chú trọng trẻ em, phụ nữ và người cao tuổi.","Quỹ đất ven sông trung tâm khan hiếm. Theo dõi tiến độ thực, mức sử dụng và tác động lên nhu cầu ở/thuê thay vì chỉ theo thông báo.","Hai tài liệu có thể cùng hệ sinh thái thương hiệu nhưng một bên là an toàn taxi, một bên là động lực bất động sản.",,,,,
DCV2_TEST_0066,test,DISTINCT,hard,False,"Đây là một mốc đáng chú ý trong quá trình GSM chuyển từ cạnh tranh bằng phương tiện thuần điện sang xây dựng khác biệt về công nghệ và quản trị an toàn. Việc triển khai ở quy mô đội xe toàn quốc cũng đặt ra yêu cầu về tích hợp thiết bị, dữ liệu vận hành, quy trình phản ứng và bảo vệ quyền riêng tư.","Khả năng khai thác thương mại/ở thực. Theo dõi tiến độ thực, mức sử dụng và tác động lên nhu cầu ở/thuê thay vì chỉ theo thông báo.","Hai tài liệu có thể cùng hệ sinh thái thương hiệu nhưng một bên là an toàn taxi, một bên là động lực bất động sản.",,,,,
DCV2_TEST_0067,test,DISTINCT,hard,False,"Tài liệu hữu ích cho nghiên cứu công nghệ an toàn trong gọi xe, tiêu chuẩn vận hành, quản trị rủi ro và cách GSM nâng cao chất lượng dịch vụ trên nền phương tiện VinFast.","Hạ tầng và các dự án đô thị mới quanh Hạ Long. Theo dõi tiến độ thực, mức sử dụng và tác động lên nhu cầu ở/thuê thay vì chỉ theo thông báo.","Hai tài liệu có thể cùng hệ sinh thái thương hiệu nhưng một bên là an toàn taxi, một bên là động lực bất động sản.",,,,,
DCV2_TEST_0068,test,DISTINCT,hard,False,"Ngày 15/4/2025, Xanh SM công bố triển khai đồng bộ hệ thống giám sát an toàn S2S (Secure to Safe) trên đội taxi điện toàn quốc. Giải pháp hướng tới bảo vệ cả hành khách và tài xế, đặc biệt chú trọng trẻ em, phụ nữ và người cao tuổi.","Nguồn cầu ở thực/thuê cao cấp gần khu việc làm. Theo dõi tiến độ thực, mức sử dụng và tác động lên nhu cầu ở/thuê thay vì chỉ theo thông báo.","Hai tài liệu có thể cùng hệ sinh thái thương hiệu nhưng một bên là an toàn taxi, một bên là động lực bất động sản.",,,,,
DCV2_TEST_0007,test,TEMPLATE_VARIANT,hard,False,"Ba khái niệm thường bị trộn lẫn: mật độ xây dựng, hệ số sử dụng đất và tỷ lệ cây xanh/mặt nước. Với căn hộ, bổ sung số căn mỗi tầng, số thang máy, chỗ đỗ xe và khoảng cách tới tiện ích. Với thấp tầng, kiểm tra diện tích đất, diện tích xây dựng, số tầng và phần sân vườn.","Ba khái niệm thường bị trộn lẫn: mật độ xây dựng, hệ số sử dụng đất và tỷ lệ cây xanh/mặt nước. Với căn hộ, bổ sung số căn mỗi tầng, số thang máy, chỗ đỗ xe và khoảng cách tới tiện ích. Với thấp tầng, kiểm tra diện tích đất, diện tích xây dựng, số tầng và phần sân vườn.","Thân đoạn giống hệt do cùng template, nhưng context cha xác định hai dự án khác nhau; auto-reuse ở cấp nghiệp vụ là không an toàn.",,,,,
DCV2_TEST_0023,test,TEMPLATE_VARIANT,hard,False,"Ba khái niệm thường bị trộn lẫn: mật độ xây dựng, hệ số sử dụng đất và tỷ lệ cây xanh/mặt nước. Với căn hộ, bổ sung số căn mỗi tầng, số thang máy, chỗ đỗ xe và khoảng cách tới tiện ích. Với thấp tầng, kiểm tra diện tích đất, diện tích xây dựng, số tầng và phần sân vườn.","Ba khái niệm thường bị trộn lẫn: mật độ xây dựng, hệ số sử dụng đất và tỷ lệ cây xanh/mặt nước. Với căn hộ, bổ sung số căn mỗi tầng, số thang máy, chỗ đỗ xe và khoảng cách tới tiện ích. Với thấp tầng, kiểm tra diện tích đất, diện tích xây dựng, số tầng và phần sân vườn.","Thân đoạn giống hệt do cùng template, nhưng context cha xác định hai dự án khác nhau; auto-reuse ở cấp nghiệp vụ là không an toàn.",,,,,
DCV2_TEST_0039,test,TEMPLATE_VARIANT,hard,False,"Ba khái niệm thường bị trộn lẫn: mật độ xây dựng, hệ số sử dụng đất và tỷ lệ cây xanh/mặt nước. Với căn hộ, bổ sung số căn mỗi tầng, số thang máy, chỗ đỗ xe và khoảng cách tới tiện ích. Với thấp tầng, kiểm tra diện tích đất, diện tích xây dựng, số tầng và phần sân vườn.","Ba khái niệm thường bị trộn lẫn: mật độ xây dựng, hệ số sử dụng đất và tỷ lệ cây xanh/mặt nước. Với căn hộ, bổ sung số căn mỗi tầng, số thang máy, chỗ đỗ xe và khoảng cách tới tiện ích. Với thấp tầng, kiểm tra diện tích đất, diện tích xây dựng, số tầng và phần sân vườn.","Thân đoạn giống hệt do cùng template, nhưng context cha xác định hai dự án khác nhau; auto-reuse ở cấp nghiệp vụ là không an toàn.",,,,,
DCV2_TEST_0055,test,TEMPLATE_VARIANT,hard,False,"Ba khái niệm thường bị trộn lẫn: mật độ xây dựng, hệ số sử dụng đất và tỷ lệ cây xanh/mặt nước. Với căn hộ, bổ sung số căn mỗi tầng, số thang máy, chỗ đỗ xe và khoảng cách tới tiện ích. Với thấp tầng, kiểm tra diện tích đất, diện tích xây dựng, số tầng và phần sân vườn.","Ba khái niệm thường bị trộn lẫn: mật độ xây dựng, hệ số sử dụng đất và tỷ lệ cây xanh/mặt nước. Với căn hộ, bổ sung số căn mỗi tầng, số thang máy, chỗ đỗ xe và khoảng cách tới tiện ích. Với thấp tầng, kiểm tra diện tích đất, diện tích xây dựng, số tầng và phần sân vườn.","Thân đoạn giống hệt do cùng template, nhưng context cha xác định hai dự án khác nhau; auto-reuse ở cấp nghiệp vụ là không an toàn.",,,,,
DCV2_TEST_0006,test,TEMPORAL_VARIANT,hard,False,2025 | Chưa đủ dữ liệu công khai cùng chuẩn | — | Thấp,"08/2026 | 175–340,5 triệu đồng/m²; nguồn khác 107–210 triệu đồng/m² | Căn hộ; chênh lệch nguồn đáng kể | Trung bình/Thấp",Hai dòng thuộc cùng chuỗi quan sát nhưng có mốc thời gian không chồng lấn; không được báo conflict chỉ vì giá/trạng thái dữ liệu khác.,,,,,
DCV2_TEST_0022,test,TEMPORAL_VARIANT,hard,False,2025 | Chưa đủ dữ liệu công khai cùng chuẩn | — | Thấp,"08/2026 | Khoảng 120–130 triệu đồng/m²; ví dụ 19,5 tỷ/155 m² | Thấp tầng; giá chào | Thấp–TB",Hai dòng thuộc cùng chuỗi quan sát nhưng có mốc thời gian không chồng lấn; không được báo conflict chỉ vì giá/trạng thái dữ liệu khác.,,,,,
DCV2_TEST_0038,test,TEMPORAL_VARIANT,hard,False,2022 | Khoảng 90–110 triệu đồng/m² | Thấp tầng; nguồn dự án | Thấp–TB,08/2026 | Khoảng 130–180 triệu đồng/m² theo bài thị trường | Thấp tầng; giá tham khảo | Thấp–TB,Hai dòng thuộc cùng chuỗi quan sát nhưng có mốc thời gian không chồng lấn; không được báo conflict chỉ vì giá/trạng thái dữ liệu khác.,,,,,
DCV2_TEST_0054,test,TEMPORAL_VARIANT,hard,False,2025 | Chưa đủ chuỗi công khai đồng nhất | — | Thấp,"08/2026 | Metropolis 184,5–289,2; Skylake 121,9–164,9 triệu đồng/m²; West Point: chưa đủ dải tin cậy | Căn hộ; giá chào | Trung bình/Thấp",Hai dòng thuộc cùng chuỗi quan sát nhưng có mốc thời gian không chồng lấn; không được báo conflict chỉ vì giá/trạng thái dữ liệu khác.,,,,,
DCV2_TEST_0009,test,UNCERTAIN,hard,False,"08/2026 | 175–340,5 triệu đồng/m²; nguồn khác 107–210 triệu đồng/m² | Căn hộ; chênh lệch nguồn đáng kể | Trung bình/Thấp","175–340,5 triệu đồng/m²; nguồn khác 107–210 triệu đồng/m²",Phía B là giá trị có thật nhưng bị tách khỏi tên dự án và nhãn bảng; không đủ bằng chứng để khẳng định cùng entity/scope.,,,,,
DCV2_TEST_0025,test,UNCERTAIN,hard,False,"08/2026 | Khoảng 120–130 triệu đồng/m²; ví dụ 19,5 tỷ/155 m² | Thấp tầng; giá chào | Thấp–TB","Khoảng 120–130 triệu đồng/m²; ví dụ 19,5 tỷ/155 m²",Phía B là giá trị có thật nhưng bị tách khỏi tên dự án và nhãn bảng; không đủ bằng chứng để khẳng định cùng entity/scope.,,,,,
DCV2_TEST_0041,test,UNCERTAIN,hard,False,08/2026 | Khoảng 130–180 triệu đồng/m² theo bài thị trường | Thấp tầng; giá tham khảo | Thấp–TB,Khoảng 130–180 triệu đồng/m² theo bài thị trường,Phía B là giá trị có thật nhưng bị tách khỏi tên dự án và nhãn bảng; không đủ bằng chứng để khẳng định cùng entity/scope.,,,,,
DCV2_TEST_0057,test,UNCERTAIN,hard,False,"08/2026 | Metropolis 184,5–289,2; Skylake 121,9–164,9 triệu đồng/m²; West Point: chưa đủ dải tin cậy | Căn hộ; giá chào | Trung bình/Thấp","Metropolis 184,5–289,2; Skylake 121,9–164,9 triệu đồng/m²; West Point: chưa đủ dải tin cậy",Phía B là giá trị có thật nhưng bị tách khỏi tên dự án và nhãn bảng; không đủ bằng chứng để khẳng định cùng entity/scope.,,,,,
DCV2_TEST_0008,test,DISTINCT,medium,False,"Quỹ đất ven sông trung tâm khan hiếm. Theo dõi tiến độ thực, mức sử dụng và tác động lên nhu cầu ở/thuê thay vì chỉ theo thông báo.","Nguồn giá công khai chênh lệch lớn, phải kiểm chứng bằng giao dịch so sánh. Yêu cầu bằng chứng và lập kịch bản bất lợi trước khi quyết định.","Cùng dự án nhưng một đoạn là động lực thị trường, đoạn kia là rủi ro; không có claim thẳng hàng để gộp hoặc báo conflict.",,,,,
DCV2_TEST_0024,test,DISTINCT,medium,False,"Độ hoàn chỉnh khu Nam Hải Phòng. Theo dõi tiến độ thực, mức sử dụng và tác động lên nhu cầu ở/thuê thay vì chỉ theo thông báo.",Giá chào ít mẫu có thể tạo biên sai số lớn. Yêu cầu bằng chứng và lập kịch bản bất lợi trước khi quyết định.,"Cùng dự án nhưng một đoạn là động lực thị trường, đoạn kia là rủi ro; không có claim thẳng hàng để gộp hoặc báo conflict.",,,,,
DCV2_TEST_0040,test,DISTINCT,medium,False,"Du lịch Hạ Long và quỹ đất ven biển trung tâm. Theo dõi tiến độ thực, mức sử dụng và tác động lên nhu cầu ở/thuê thay vì chỉ theo thông báo.","Thị trường thấp tầng giá cao, thanh khoản có thể mỏng. Yêu cầu bằng chứng và lập kịch bản bất lợi trước khi quyết định.","Cùng dự án nhưng một đoạn là động lực thị trường, đoạn kia là rủi ro; không có claim thẳng hàng để gộp hoặc báo conflict.",,,,,
DCV2_TEST_0056,test,DISTINCT,medium,False,"Nguồn cầu ở thực/thuê cao cấp gần khu việc làm. Theo dõi tiến độ thực, mức sử dụng và tác động lên nhu cầu ở/thuê thay vì chỉ theo thông báo.",Officetel và căn hộ có pháp lý/niên hạn/công năng khác nhau. Yêu cầu bằng chứng và lập kịch bản bất lợi trước khi quyết định.,"Cùng dự án nhưng một đoạn là động lực thị trường, đoạn kia là rủi ro; không có claim thẳng hàng để gộp hoặc báo conflict.",,,,,
DCV2_TEST_0001,test,EXACT_DUPLICATE,easy,False,"Khoảng 25 ha; tổ hợp căn hộ cao cấp, thương mại, cảnh quan ven sông và ga metro lân cận.","Khoảng 25 ha; tổ hợp căn hộ cao cấp, thương mại, cảnh quan ven sông và ga metro lân cận.",Hai ô ở hai phần của cùng tài liệu lặp nguyên văn cùng một thuộc tính dự án.,,,,,
DCV2_TEST_0002,test,EXACT_DUPLICATE,easy,False,"Căn hộ cao cấp, penthouse/duplex ở một số tòa, shophouse và thương mại.","Căn hộ cao cấp, penthouse/duplex ở một số tòa, shophouse và thương mại.",Hai ô ở hai phần của cùng tài liệu lặp nguyên văn cùng một thuộc tính dự án.,,,,,
DCV2_TEST_0003,test,EXACT_DUPLICATE,easy,False,Đã bàn giao/vận hành; thị trường thứ cấp cao cấp.,Đã bàn giao/vận hành; thị trường thứ cấp cao cấp.,Hai ô ở hai phần của cùng tài liệu lặp nguyên văn cùng một thuộc tính dự án.,,,,,
DCV2_TEST_0010,test,EXACT_DUPLICATE,easy,True,"2 Tôn Đức Thắng, Quận 1, TP.HCM; ven sông Sài Gòn, khu Ba Son.","  2   Tôn   Đức   Thắng,   Quận   1,   TP.HCM;    ven   sông   Sài   Gòn,   khu   Ba   Son.  ",Chỉ khác khoảng trắng thường/NBSP; nội dung canonical phải giống hệt.,,,,,
DCV2_TEST_0017,test,EXACT_DUPLICATE,easy,False,"Khoảng 49,2 ha; nguồn thứ cấp nêu khoảng 1.153 sản phẩm thấp tầng.","Khoảng 49,2 ha; nguồn thứ cấp nêu khoảng 1.153 sản phẩm thấp tầng.",Hai ô ở hai phần của cùng tài liệu lặp nguyên văn cùng một thuộc tính dự án.,,,,,
DCV2_TEST_0018,test,EXACT_DUPLICATE,easy,False,"Liền kề, shophouse, biệt thự đơn lập/song lập.","Liền kề, shophouse, biệt thự đơn lập/song lập.",Hai ô ở hai phần của cùng tài liệu lặp nguyên văn cùng một thuộc tính dự án.,,,,,
DCV2_TEST_0019,test,EXACT_DUPLICATE,easy,False,Đã bàn giao/vận hành theo phân khu.,Đã bàn giao/vận hành theo phân khu.,Hai ô ở hai phần của cùng tài liệu lặp nguyên văn cùng một thuộc tính dự án.,,,,,
DCV2_TEST_0026,test,EXACT_DUPLICATE,easy,True,"Khu Cầu Rào 2, Lê Chân, Hải Phòng; gần trục Võ Nguyên Giáp và trung tâm phía Nam thành phố.","  Khu   Cầu   Rào   2,   Lê   Chân,   Hải   Phòng;    gần   trục   Võ   Nguyên   Giáp   và   trung   tâm   phía   Nam   thành   phố.  ",Chỉ khác khoảng trắng thường/NBSP; nội dung canonical phải giống hệt.,,,,,
DCV2_TEST_0033,test,EXACT_DUPLICATE,easy,False,"Khoảng 68,3 ha; nguồn dự án nêu khoảng 378 sản phẩm thấp tầng.","Khoảng 68,3 ha; nguồn dự án nêu khoảng 378 sản phẩm thấp tầng.",Hai ô ở hai phần của cùng tài liệu lặp nguyên văn cùng một thuộc tính dự án.,,,,,
DCV2_TEST_0034,test,EXACT_DUPLICATE,easy,False,"Shophouse, nhà liền kề và biệt thự.","Shophouse, nhà liền kề và biệt thự.",Hai ô ở hai phần của cùng tài liệu lặp nguyên văn cùng một thuộc tính dự án.,,,,,
DCV2_TEST_0035,test,EXACT_DUPLICATE,easy,False,Đã hình thành/vận hành; quỹ chuyển nhượng.,Đã hình thành/vận hành; quỹ chuyển nhượng.,Hai ô ở hai phần của cùng tài liệu lặp nguyên văn cùng một thuộc tính dự án.,,,,,
DCV2_TEST_0042,test,EXACT_DUPLICATE,easy,True,"1 Bến Đoan, Hồng Gai, Hạ Long, Quảng Ninh; ven vịnh, gần trung tâm hành chính – du lịch.","  1   Bến   Đoan,   Hồng   Gai,   Hạ   Long,   Quảng   Ninh;    ven   vịnh,   gần   trung   tâm   hành   chính   –   du   lịch.  ",Chỉ khác khoảng trắng thường/NBSP; nội dung canonical phải giống hệt.,,,,,
DCV2_TEST_0049,test,EXACT_DUPLICATE,easy,False,"Metropolis: 3 tháp, khoảng 1.544 căn; Skylake và West Point là các tổ hợp căn hộ – thương mại riêng biệt.","Metropolis: 3 tháp, khoảng 1.544 căn; Skylake và West Point là các tổ hợp căn hộ – thương mại riêng biệt.",Hai ô ở hai phần của cùng tài liệu lặp nguyên văn cùng một thuộc tính dự án.,,,,,
DCV2_TEST_0050,test,EXACT_DUPLICATE,easy,False,"Căn hộ cao cấp, officetel ở một số tòa, shophouse/khối đế thương mại.","Căn hộ cao cấp, officetel ở một số tòa, shophouse/khối đế thương mại.",Hai ô ở hai phần của cùng tài liệu lặp nguyên văn cùng một thuộc tính dự án.,,,,,
DCV2_TEST_0051,test,EXACT_DUPLICATE,easy,False,Các dự án đã bàn giao và có thị trường thứ cấp.,Các dự án đã bàn giao và có thị trường thứ cấp.,Hai ô ở hai phần của cùng tài liệu lặp nguyên văn cùng một thuộc tính dự án.,,,,,
DCV2_TEST_0058,test,EXACT_DUPLICATE,easy,True,"Ba Đình và Nam Từ Liêm; ba dự án căn hộ có vị trí trung tâm/cửa ngõ phía Tây, không phải một khu đô thị duy nhất.","  Ba   Đình   và   Nam   Từ   Liêm;    ba   dự   án   căn   hộ   có   vị   trí   trung   tâm/cửa   ngõ   phía   Tây,   không   phải   một   khu   đô   thị   duy   nhất.  ",Chỉ khác khoảng trắng thường/NBSP; nội dung canonical phải giống hệt.,,,,,
DCV2_TEST_0004,test,NEAR_DUPLICATE,medium,False,"2 Tôn Đức Thắng, Quận 1, TP.HCM; ven sông Sài Gòn, khu Ba Son.","Vị trí | 2 Tôn Đức Thắng, Quận 1, TP.HCM; ven sông Sài Gòn, khu Ba Son.",Cùng vị trí và cùng dự án; phía bảng chỉ bổ sung nhãn trường 'Vị trí'.,,,,,
DCV2_TEST_0005,test,NEAR_DUPLICATE,medium,False,"Khoảng 25 ha; tổ hợp căn hộ cao cấp, thương mại, cảnh quan ven sông và ga metro lân cận.","Quy mô | Khoảng 25 ha; tổ hợp căn hộ cao cấp, thương mại, cảnh quan ven sông và ga metro lân cận.","Giá trị quy mô giống nhau; một phía là ô đơn, phía kia là dòng bảng có nhãn.",,,,,
DCV2_TEST_0011,test,NEAR_DUPLICATE,medium,True,"2 Tôn Đức Thắng, Quận 1, TP.HCM; ven sông Sài Gòn, khu Ba Son.","Địa điểm của Vinhomes Golden River (Ba Son): 2 Tôn Đức Thắng, Quận 1, TP.HCM; ven sông Sài Gòn, khu Ba Son.","Câu B chỉ thêm chủ ngữ và nhãn địa điểm, không đổi bất kỳ fact vị trí nào.",,,,,
DCV2_TEST_0020,test,NEAR_DUPLICATE,medium,False,"Khu Cầu Rào 2, Lê Chân, Hải Phòng; gần trục Võ Nguyên Giáp và trung tâm phía Nam thành phố.","Vị trí | Khu Cầu Rào 2, Lê Chân, Hải Phòng; gần trục Võ Nguyên Giáp và trung tâm phía Nam thành phố.",Cùng vị trí và cùng dự án; phía bảng chỉ bổ sung nhãn trường 'Vị trí'.,,,,,
DCV2_TEST_0021,test,NEAR_DUPLICATE,medium,False,"Khoảng 49,2 ha; nguồn thứ cấp nêu khoảng 1.153 sản phẩm thấp tầng.","Quy mô | Khoảng 49,2 ha; nguồn thứ cấp nêu khoảng 1.153 sản phẩm thấp tầng.","Giá trị quy mô giống nhau; một phía là ô đơn, phía kia là dòng bảng có nhãn.",,,,,
DCV2_TEST_0027,test,NEAR_DUPLICATE,medium,True,"Khu Cầu Rào 2, Lê Chân, Hải Phòng; gần trục Võ Nguyên Giáp và trung tâm phía Nam thành phố.","Địa điểm của Vinhomes Marina Hải Phòng: Khu Cầu Rào 2, Lê Chân, Hải Phòng; gần trục Võ Nguyên Giáp và trung tâm phía Nam thành phố.","Câu B chỉ thêm chủ ngữ và nhãn địa điểm, không đổi bất kỳ fact vị trí nào.",,,,,
DCV2_TEST_0036,test,NEAR_DUPLICATE,medium,False,"1 Bến Đoan, Hồng Gai, Hạ Long, Quảng Ninh; ven vịnh, gần trung tâm hành chính – du lịch.","Vị trí | 1 Bến Đoan, Hồng Gai, Hạ Long, Quảng Ninh; ven vịnh, gần trung tâm hành chính – du lịch.",Cùng vị trí và cùng dự án; phía bảng chỉ bổ sung nhãn trường 'Vị trí'.,,,,,
DCV2_TEST_0037,test,NEAR_DUPLICATE,medium,False,"Khoảng 68,3 ha; nguồn dự án nêu khoảng 378 sản phẩm thấp tầng.","Quy mô | Khoảng 68,3 ha; nguồn dự án nêu khoảng 378 sản phẩm thấp tầng.","Giá trị quy mô giống nhau; một phía là ô đơn, phía kia là dòng bảng có nhãn.",,,,,
DCV2_TEST_0043,test,NEAR_DUPLICATE,medium,True,"1 Bến Đoan, Hồng Gai, Hạ Long, Quảng Ninh; ven vịnh, gần trung tâm hành chính – du lịch.","Địa điểm của Vinhomes Dragon Bay: 1 Bến Đoan, Hồng Gai, Hạ Long, Quảng Ninh; ven vịnh, gần trung tâm hành chính – du lịch.","Câu B chỉ thêm chủ ngữ và nhãn địa điểm, không đổi bất kỳ fact vị trí nào.",,,,,
DCV2_TEST_0052,test,NEAR_DUPLICATE,medium,False,"Ba Đình và Nam Từ Liêm; ba dự án căn hộ có vị trí trung tâm/cửa ngõ phía Tây, không phải một khu đô thị duy nhất.","Vị trí | Ba Đình và Nam Từ Liêm; ba dự án căn hộ có vị trí trung tâm/cửa ngõ phía Tây, không phải một khu đô thị duy nhất.",Cùng vị trí và cùng dự án; phía bảng chỉ bổ sung nhãn trường 'Vị trí'.,,,,,
DCV2_TEST_0053,test,NEAR_DUPLICATE,medium,False,"Metropolis: 3 tháp, khoảng 1.544 căn; Skylake và West Point là các tổ hợp căn hộ – thương mại riêng biệt.","Quy mô | Metropolis: 3 tháp, khoảng 1.544 căn; Skylake và West Point là các tổ hợp căn hộ – thương mại riêng biệt.","Giá trị quy mô giống nhau; một phía là ô đơn, phía kia là dòng bảng có nhãn.",,,,,
DCV2_TEST_0059,test,NEAR_DUPLICATE,medium,True,"Ba Đình và Nam Từ Liêm; ba dự án căn hộ có vị trí trung tâm/cửa ngõ phía Tây, không phải một khu đô thị duy nhất.","Địa điểm của Cụm căn hộ trung tâm Hà Nội: Metropolis – Skylake – West Point: Ba Đình và Nam Từ Liêm; ba dự án căn hộ có vị trí trung tâm/cửa ngõ phía Tây, không phải một khu đô thị duy nhất.","Câu B chỉ thêm chủ ngữ và nhãn địa điểm, không đổi bất kỳ fact vị trí nào.",,,,,
DCV2_TEST_0016,test,TEMPORAL_VARIANT,medium,True,"08/2026 | 175–340,5 triệu đồng/m²; nguồn khác 107–210 triệu đồng/m² | Căn hộ; chênh lệch nguồn đáng kể | Trung bình/Thấp","09/2027 | 175–340,5 triệu đồng/m²; nguồn khác 107–210 triệu đồng/m² | Căn hộ; chênh lệch nguồn đáng kể | Trung bình/Thấp",B chuyển mốc tham chiếu sang 09/2027; hai kỳ không chồng lấn nên không phải conflict.,,,,,
DCV2_TEST_0032,test,TEMPORAL_VARIANT,medium,True,"08/2026 | Khoảng 120–130 triệu đồng/m²; ví dụ 19,5 tỷ/155 m² | Thấp tầng; giá chào | Thấp–TB","09/2027 | Khoảng 120–130 triệu đồng/m²; ví dụ 19,5 tỷ/155 m² | Thấp tầng; giá chào | Thấp–TB",B chuyển mốc tham chiếu sang 09/2027; hai kỳ không chồng lấn nên không phải conflict.,,,,,
DCV2_TEST_0048,test,TEMPORAL_VARIANT,medium,True,08/2026 | Khoảng 130–180 triệu đồng/m² theo bài thị trường | Thấp tầng; giá tham khảo | Thấp–TB,09/2027 | Khoảng 130–180 triệu đồng/m² theo bài thị trường | Thấp tầng; giá tham khảo | Thấp–TB,B chuyển mốc tham chiếu sang 09/2027; hai kỳ không chồng lấn nên không phải conflict.,,,,,
DCV2_TEST_0064,test,TEMPORAL_VARIANT,medium,True,"08/2026 | Metropolis 184,5–289,2; Skylake 121,9–164,9 triệu đồng/m²; West Point: chưa đủ dải tin cậy | Căn hộ; giá chào | Trung bình/Thấp","09/2027 | Metropolis 184,5–289,2; Skylake 121,9–164,9 triệu đồng/m²; West Point: chưa đủ dải tin cậy | Căn hộ; giá chào | Trung bình/Thấp",B chuyển mốc tham chiếu sang 09/2027; hai kỳ không chồng lấn nên không phải conflict.,,,,,
DCV2_TEST_0012,test,VERSION_UPDATE,medium,True,Đã bàn giao/vận hành; thị trường thứ cấp cao cấp.,Đã bàn giao/vận hành; thị trường thứ cấp cao cấp. Báo cáo cập nhật bổ sung yêu cầu kiểm chứng pháp lý từng tài sản.,B giữ nguyên trạng thái và bổ sung một yêu cầu kiểm chứng tương thích; không phủ định A.,,,,,
DCV2_TEST_0028,test,VERSION_UPDATE,medium,True,Đã bàn giao/vận hành theo phân khu.,Đã bàn giao/vận hành theo phân khu. Báo cáo cập nhật bổ sung yêu cầu kiểm chứng pháp lý từng tài sản.,B giữ nguyên trạng thái và bổ sung một yêu cầu kiểm chứng tương thích; không phủ định A.,,,,,
DCV2_TEST_0044,test,VERSION_UPDATE,medium,True,Đã hình thành/vận hành; quỹ chuyển nhượng.,Đã hình thành/vận hành; quỹ chuyển nhượng. Báo cáo cập nhật bổ sung yêu cầu kiểm chứng pháp lý từng tài sản.,B giữ nguyên trạng thái và bổ sung một yêu cầu kiểm chứng tương thích; không phủ định A.,,,,,
DCV2_TEST_0060,test,VERSION_UPDATE,medium,True,Các dự án đã bàn giao và có thị trường thứ cấp.,Các dự án đã bàn giao và có thị trường thứ cấp. Báo cáo cập nhật bổ sung yêu cầu kiểm chứng pháp lý từng tài sản.,B giữ nguyên trạng thái và bổ sung một yêu cầu kiểm chứng tương thích; không phủ định A.,,,,,
DCV2_DEV_0015,dev,CONDITIONAL_VARIANT,hard,True,"08/2026 | 115,8–195,4 triệu đồng/m² | Căn hộ; giá chào bán | Trung bình","08/2026 | 115,8–195,4 triệu đồng/m² | Căn hộ; giá giao dịch đã công chứng | Trung bình","B gắn qualifier 'giao dịch đã công chứng', khác bản chất với giá chào/giới thiệu dù con số bề mặt giữ nguyên.",,,,,
DCV2_DEV_0031,dev,CONDITIONAL_VARIANT,hard,True,"08/2026 | Nhà phố từ khoảng 129,73 triệu đồng/m²; ví dụ 9,73 tỷ/75 m² | Giá giới thiệu/chào bán | Thấp–TB","08/2026 | Nhà phố từ khoảng 129,73 triệu đồng/m²; ví dụ 9,73 tỷ/75 m² | Giá giới thiệu/chào bán; giá giao dịch đã công chứng | Thấp–TB","B gắn qualifier 'giao dịch đã công chứng', khác bản chất với giá chào/giới thiệu dù con số bề mặt giữ nguyên.",,,,,
DCV2_DEV_0047,dev,CONDITIONAL_VARIANT,hard,True,"08/2026 | Khoảng 125–303,91 triệu đồng/m² | Thấp tầng; giá chào | Trung bình","08/2026 | Khoảng 125–303,91 triệu đồng/m² | Thấp tầng; giá giao dịch đã công chứng | Trung bình","B gắn qualifier 'giao dịch đã công chứng', khác bản chất với giá chào/giới thiệu dù con số bề mặt giữ nguyên.",,,,,
DCV2_DEV_0063,dev,CONDITIONAL_VARIANT,hard,True,"08/2026 | Ví dụ 94,71 triệu đồng/m²; khoảng 8,5–70 tỷ/căn tùy loại | Thấp tầng; giá chào | Thấp","08/2026 | Ví dụ 94,71 triệu đồng/m²; khoảng 8,5–70 tỷ/căn tùy loại | Thấp tầng; giá giao dịch đã công chứng | Thấp","B gắn qualifier 'giao dịch đã công chứng', khác bản chất với giá chào/giới thiệu dù con số bề mặt giữ nguyên.",,,,,
DCV2_DEV_0070,dev,CONDITIONAL_VARIANT,hard,False,"2025 | Một số chương trình giới thiệu vốn từ 1,2 tỷ; không phải giá tài sản | Chính sách vốn/marketing | Thấp","08/2026 | 55,4–69,8 triệu đồng/m² | Biệt thự/liền kề; giá chào | Trung bình",Mốc 2025 là chương trình vốn/marketing và tự ghi rõ không phải giá tài sản; mốc 08/2026 là giá chào theo m². Khác qualifier/basis nên không được so conflict.,,,,,
DCV2_DEV_0079,dev,CONDITIONAL_VARIANT,hard,True,"08/2026 | 55,4–69,8 triệu đồng/m² | Biệt thự/liền kề; giá chào | Trung bình","08/2026 | 55,4–69,8 triệu đồng/m² | Biệt thự/liền kề; giá giao dịch đã công chứng | Trung bình","B gắn qualifier 'giao dịch đã công chứng', khác bản chất với giá chào/giới thiệu dù con số bề mặt giữ nguyên.",,,,,
DCV2_DEV_0086,dev,CONDITIONAL_VARIANT,hard,False,2024 | Khoảng 62 triệu đồng/m² trung bình thấp tầng | Thấp tầng; bài tổng hợp | Trung bình,"08/2026 | Căn hộ 39,1–48,7 triệu đồng/m²; không gộp nhà ở xã hội | Căn hộ thương mại; giá chào | Trung bình","Mốc 2024 là thấp tầng, còn 08/2026 là căn hộ thương mại; khác loại sản phẩm là qualifier quyết định dù thời gian cũng khác.",,,,,
DCV2_DEV_0095,dev,CONDITIONAL_VARIANT,hard,True,"08/2026 | Căn hộ 39,1–48,7 triệu đồng/m²; không gộp nhà ở xã hội | Căn hộ thương mại; giá chào | Trung bình","08/2026 | Căn hộ 39,1–48,7 triệu đồng/m²; không gộp nhà ở xã hội | Căn hộ thương mại; giá giao dịch đã công chứng | Trung bình","B gắn qualifier 'giao dịch đã công chứng', khác bản chất với giá chào/giới thiệu dù con số bề mặt giữ nguyên.",,,,,
DCV2_DEV_0013,dev,CONFLICT,hard,True,"Khoảng 43,9 ha; tổ hợp căn hộ, Landmark 81, thương mại, công viên ven sông và biệt thự.","Khoảng 53,9 ha; tổ hợp căn hộ, Landmark 81, thương mại, công viên ven sông và biệt thự.","Cùng entity/scope nhưng số đầu tiên của quy mô đổi từ 43,9 thành 53,9.",,,,,
DCV2_DEV_0014,dev,CONFLICT,hard,True,Đã vận hành ổn định; thị trường thứ cấp/cho thuê sôi động.,Dự án chưa bàn giao và chưa vận hành.,B đảo trạng thái bàn giao/vận hành trong cùng scope và cùng mốc tham chiếu.,,,,,
DCV2_DEV_0029,dev,CONFLICT,hard,True,Quy mô công bố khoảng 2.870 ha.,Quy mô công bố khoảng 5 ha.,Cùng entity/scope nhưng số đầu tiên của quy mô đổi từ 2.870 thành 5.,,,,,
DCV2_DEV_0030,dev,CONFLICT,hard,True,"Khởi công năm 2025; đang triển khai, tiện ích lớn chủ yếu ở trạng thái quy hoạch/thi công.",Dự án đã hoàn tất toàn bộ và vận hành ổn định.,B đảo trạng thái bàn giao/vận hành trong cùng scope và cùng mốc tham chiếu.,,,,,
DCV2_DEV_0045,dev,CONFLICT,hard,True,"Khoảng 78,5 ha; khoảng 1.480 sản phẩm thấp tầng.","Khoảng 88,5 ha; khoảng 1.480 sản phẩm thấp tầng.","Cùng entity/scope nhưng số đầu tiên của quy mô đổi từ 78,5 thành 88,5.",,,,,
DCV2_DEV_0046,dev,CONFLICT,hard,True,Đã vận hành; thị trường thứ cấp.,Dự án chưa bàn giao và chưa vận hành.,B đảo trạng thái bàn giao/vận hành trong cùng scope và cùng mốc tham chiếu.,,,,,
DCV2_DEV_0061,dev,CONFLICT,hard,True,Khoảng 877 ha.,Khoảng 887 ha.,Cùng entity/scope nhưng số đầu tiên của quy mô đổi từ 877 thành 887.,,,,,
DCV2_DEV_0062,dev,CONFLICT,hard,True,Ra mắt năm 2024; đang bàn giao/thi công theo phân khu.,Dự án đã hoàn tất toàn bộ và vận hành ổn định.,B đảo trạng thái bàn giao/vận hành trong cùng scope và cùng mốc tham chiếu.,,,,,
DCV2_DEV_0077,dev,CONFLICT,hard,True,Nguồn công khai dao động khoảng 110–116 ha; khoảng 2.322 sản phẩm được nêu trên cổng dự án.,Nguồn công khai dao động khoảng 120–116 ha; khoảng 2.322 sản phẩm được nêu trên cổng dự án.,Cùng entity/scope nhưng số đầu tiên của quy mô đổi từ 110 thành 120.,,,,,
DCV2_DEV_0078,dev,CONFLICT,hard,True,Khởi công/ra mắt từ 2022; đang hình thành và vận hành theo phân khu.,Dự án đã hoàn tất toàn bộ và vận hành ổn định.,B đảo trạng thái bàn giao/vận hành trong cùng scope và cùng mốc tham chiếu.,,,,,
DCV2_DEV_0093,dev,CONFLICT,hard,True,"Khoảng 147,5 ha; khu thấp tầng và các dự án căn hộ mới trong khu vực.","Khoảng 157,5 ha; khu thấp tầng và các dự án căn hộ mới trong khu vực.","Cùng entity/scope nhưng số đầu tiên của quy mô đổi từ 147,5 thành 157,5.",,,,,
DCV2_DEV_0094,dev,CONFLICT,hard,True,Khu thấp tầng đã vận hành; khu căn hộ mới dự kiến bàn giao theo tiến độ 2026.,Dự án chưa bàn giao và chưa vận hành.,B đảo trạng thái bàn giao/vận hành trong cùng scope và cùng mốc tham chiếu.,,,,,
DCV2_DEV_0007,dev,TEMPLATE_VARIANT,hard,False,"Vị trí cần được kiểm tra bằng hành trình thực tế vào giờ cao điểm, không chỉ bằng khoảng cách đường thẳng. Hãy đo thời gian tới nơi làm việc, trường học, bệnh viện, trung tâm thương mại và điểm giao thông công cộng; ghi rõ ngày, giờ và phương tiện.","Vị trí cần được kiểm tra bằng hành trình thực tế vào giờ cao điểm, không chỉ bằng khoảng cách đường thẳng. Hãy đo thời gian tới nơi làm việc, trường học, bệnh viện, trung tâm thương mại và điểm giao thông công cộng; ghi rõ ngày, giờ và phương tiện.","Thân đoạn giống hệt do cùng template, nhưng context cha xác định hai dự án khác nhau; auto-reuse ở cấp nghiệp vụ là không an toàn.",,,,,
DCV2_DEV_0023,dev,TEMPLATE_VARIANT,hard,False,"Vị trí cần được kiểm tra bằng hành trình thực tế vào giờ cao điểm, không chỉ bằng khoảng cách đường thẳng. Hãy đo thời gian tới nơi làm việc, trường học, bệnh viện, trung tâm thương mại và điểm giao thông công cộng; ghi rõ ngày, giờ và phương tiện.","Vị trí cần được kiểm tra bằng hành trình thực tế vào giờ cao điểm, không chỉ bằng khoảng cách đường thẳng. Hãy đo thời gian tới nơi làm việc, trường học, bệnh viện, trung tâm thương mại và điểm giao thông công cộng; ghi rõ ngày, giờ và phương tiện.","Thân đoạn giống hệt do cùng template, nhưng context cha xác định hai dự án khác nhau; auto-reuse ở cấp nghiệp vụ là không an toàn.",,,,,
DCV2_DEV_0039,dev,TEMPLATE_VARIANT,hard,False,"Vị trí cần được kiểm tra bằng hành trình thực tế vào giờ cao điểm, không chỉ bằng khoảng cách đường thẳng. Hãy đo thời gian tới nơi làm việc, trường học, bệnh viện, trung tâm thương mại và điểm giao thông công cộng; ghi rõ ngày, giờ và phương tiện.","Vị trí cần được kiểm tra bằng hành trình thực tế vào giờ cao điểm, không chỉ bằng khoảng cách đường thẳng. Hãy đo thời gian tới nơi làm việc, trường học, bệnh viện, trung tâm thương mại và điểm giao thông công cộng; ghi rõ ngày, giờ và phương tiện.","Thân đoạn giống hệt do cùng template, nhưng context cha xác định hai dự án khác nhau; auto-reuse ở cấp nghiệp vụ là không an toàn.",,,,,
DCV2_DEV_0055,dev,TEMPLATE_VARIANT,hard,False,"Vị trí cần được kiểm tra bằng hành trình thực tế vào giờ cao điểm, không chỉ bằng khoảng cách đường thẳng. Hãy đo thời gian tới nơi làm việc, trường học, bệnh viện, trung tâm thương mại và điểm giao thông công cộng; ghi rõ ngày, giờ và phương tiện.","Vị trí cần được kiểm tra bằng hành trình thực tế vào giờ cao điểm, không chỉ bằng khoảng cách đường thẳng. Hãy đo thời gian tới nơi làm việc, trường học, bệnh viện, trung tâm thương mại và điểm giao thông công cộng; ghi rõ ngày, giờ và phương tiện.","Thân đoạn giống hệt do cùng template, nhưng context cha xác định hai dự án khác nhau; auto-reuse ở cấp nghiệp vụ là không an toàn.",,,,,
DCV2_DEV_0071,dev,TEMPLATE_VARIANT,hard,False,"Vị trí cần được kiểm tra bằng hành trình thực tế vào giờ cao điểm, không chỉ bằng khoảng cách đường thẳng. Hãy đo thời gian tới nơi làm việc, trường học, bệnh viện, trung tâm thương mại và điểm giao thông công cộng; ghi rõ ngày, giờ và phương tiện.","Vị trí cần được kiểm tra bằng hành trình thực tế vào giờ cao điểm, không chỉ bằng khoảng cách đường thẳng. Hãy đo thời gian tới nơi làm việc, trường học, bệnh viện, trung tâm thương mại và điểm giao thông công cộng; ghi rõ ngày, giờ và phương tiện.","Thân đoạn giống hệt do cùng template, nhưng context cha xác định hai dự án khác nhau; auto-reuse ở cấp nghiệp vụ là không an toàn.",,,,,
DCV2_DEV_0087,dev,TEMPLATE_VARIANT,hard,False,"Vị trí cần được kiểm tra bằng hành trình thực tế vào giờ cao điểm, không chỉ bằng khoảng cách đường thẳng. Hãy đo thời gian tới nơi làm việc, trường học, bệnh viện, trung tâm thương mại và điểm giao thông công cộng; ghi rõ ngày, giờ và phương tiện.","Vị trí cần được kiểm tra bằng hành trình thực tế vào giờ cao điểm, không chỉ bằng khoảng cách đường thẳng. Hãy đo thời gian tới nơi làm việc, trường học, bệnh viện, trung tâm thương mại và điểm giao thông công cộng; ghi rõ ngày, giờ và phương tiện.","Thân đoạn giống hệt do cùng template, nhưng context cha xác định hai dự án khác nhau; auto-reuse ở cấp nghiệp vụ là không an toàn.",,,,,
DCV2_DEV_0006,dev,TEMPORAL_VARIANT,hard,False,"2023 | Khoảng 82,1–86,9 triệu đồng/m² theo quý | Căn hộ; mốc tham khảo | Trung bình","08/2026 | 115,8–195,4 triệu đồng/m² | Căn hộ; giá chào bán | Trung bình",Hai dòng thuộc cùng chuỗi quan sát nhưng có mốc thời gian không chồng lấn; không được báo conflict chỉ vì giá/trạng thái dữ liệu khác.,,,,,
DCV2_DEV_0022,dev,TEMPORAL_VARIANT,hard,False,2024 | Chưa mở bán | — | Cao,"08/2026 | Nhà phố từ khoảng 129,73 triệu đồng/m²; ví dụ 9,73 tỷ/75 m² | Giá giới thiệu/chào bán | Thấp–TB",Hai dòng thuộc cùng chuỗi quan sát nhưng có mốc thời gian không chồng lấn; không được báo conflict chỉ vì giá/trạng thái dữ liệu khác.,,,,,
DCV2_DEV_0038,dev,TEMPORAL_VARIANT,hard,False,"2024 | Khoảng 140,6 triệu đồng/m² trung bình theo bài tổng hợp | Thấp tầng; số liệu tổng hợp | Trung bình","08/2026 | Khoảng 125–303,91 triệu đồng/m² | Thấp tầng; giá chào | Trung bình",Hai dòng thuộc cùng chuỗi quan sát nhưng có mốc thời gian không chồng lấn; không được báo conflict chỉ vì giá/trạng thái dữ liệu khác.,,,,,
DCV2_DEV_0054,dev,TEMPORAL_VARIANT,hard,False,2025 | Khoảng 78–125 triệu đồng/m² theo bài thị trường | Thấp tầng; giá tham khảo | Thấp–TB,"08/2026 | Ví dụ 94,71 triệu đồng/m²; khoảng 8,5–70 tỷ/căn tùy loại | Thấp tầng; giá chào | Thấp",Hai dòng thuộc cùng chuỗi quan sát nhưng có mốc thời gian không chồng lấn; không được báo conflict chỉ vì giá/trạng thái dữ liệu khác.,,,,,
DCV2_DEV_0009,dev,UNCERTAIN,hard,False,"08/2026 | 115,8–195,4 triệu đồng/m² | Căn hộ; giá chào bán | Trung bình","115,8–195,4 triệu đồng/m²",Phía B là giá trị có thật nhưng bị tách khỏi tên dự án và nhãn bảng; không đủ bằng chứng để khẳng định cùng entity/scope.,,,,,
DCV2_DEV_0025,dev,UNCERTAIN,hard,False,"08/2026 | Nhà phố từ khoảng 129,73 triệu đồng/m²; ví dụ 9,73 tỷ/75 m² | Giá giới thiệu/chào bán | Thấp–TB","Nhà phố từ khoảng 129,73 triệu đồng/m²; ví dụ 9,73 tỷ/75 m²",Phía B là giá trị có thật nhưng bị tách khỏi tên dự án và nhãn bảng; không đủ bằng chứng để khẳng định cùng entity/scope.,,,,,
DCV2_DEV_0041,dev,UNCERTAIN,hard,False,"08/2026 | Khoảng 125–303,91 triệu đồng/m² | Thấp tầng; giá chào | Trung bình","Khoảng 125–303,91 triệu đồng/m²",Phía B là giá trị có thật nhưng bị tách khỏi tên dự án và nhãn bảng; không đủ bằng chứng để khẳng định cùng entity/scope.,,,,,
DCV2_DEV_0057,dev,UNCERTAIN,hard,False,"08/2026 | Ví dụ 94,71 triệu đồng/m²; khoảng 8,5–70 tỷ/căn tùy loại | Thấp tầng; giá chào | Thấp","Ví dụ 94,71 triệu đồng/m²; khoảng 8,5–70 tỷ/căn tùy loại",Phía B là giá trị có thật nhưng bị tách khỏi tên dự án và nhãn bảng; không đủ bằng chứng để khẳng định cùng entity/scope.,,,,,
DCV2_DEV_0073,dev,UNCERTAIN,hard,False,"08/2026 | 55,4–69,8 triệu đồng/m² | Biệt thự/liền kề; giá chào | Trung bình","55,4–69,8 triệu đồng/m²",Phía B là giá trị có thật nhưng bị tách khỏi tên dự án và nhãn bảng; không đủ bằng chứng để khẳng định cùng entity/scope.,,,,,
DCV2_DEV_0089,dev,UNCERTAIN,hard,False,"08/2026 | Căn hộ 39,1–48,7 triệu đồng/m²; không gộp nhà ở xã hội | Căn hộ thương mại; giá chào | Trung bình","Căn hộ 39,1–48,7 triệu đồng/m²; không gộp nhà ở xã hội",Phía B là giá trị có thật nhưng bị tách khỏi tên dự án và nhãn bảng; không đủ bằng chứng để khẳng định cùng entity/scope.,,,,,
DCV2_DEV_0008,dev,DISTINCT,medium,False,"Vị trí ven sông gần trung tâm và thương hiệu Landmark 81. Theo dõi tiến độ thực, mức sử dụng và tác động lên nhu cầu ở/thuê thay vì chỉ theo thông báo.",Ngập/ùn tắc khu Nguyễn Hữu Cảnh cần khảo sát thực tế theo thời điểm. Yêu cầu bằng chứng và lập kịch bản bất lợi trước khi quyết định.,"Cùng dự án nhưng một đoạn là động lực thị trường, đoạn kia là rủi ro; không có claim thẳng hàng để gộp hoặc báo conflict.",,,,,
DCV2_DEV_0024,dev,DISTINCT,medium,False,"Tiến độ hạ tầng kết nối Cần Giờ với trung tâm và vùng. Theo dõi tiến độ thực, mức sử dụng và tác động lên nhu cầu ở/thuê thay vì chỉ theo thông báo.",Rủi ro tiến độ dài và vốn hóa kỳ vọng hạ tầng. Yêu cầu bằng chứng và lập kịch bản bất lợi trước khi quyết định.,"Cùng dự án nhưng một đoạn là động lực thị trường, đoạn kia là rủi ro; không có claim thẳng hàng để gộp hoặc báo conflict.",,,,,
DCV2_DEV_0040,dev,DISTINCT,medium,False,"Vị trí cửa ngõ trung tâm Hải Phòng. Theo dõi tiến độ thực, mức sử dụng và tác động lên nhu cầu ở/thuê thay vì chỉ theo thông báo.",Thanh khoản khác nhau theo phân khu và trục thương mại. Yêu cầu bằng chứng và lập kịch bản bất lợi trước khi quyết định.,"Cùng dự án nhưng một đoạn là động lực thị trường, đoạn kia là rủi ro; không có claim thẳng hàng để gộp hoặc báo conflict.",,,,,
DCV2_DEV_0056,dev,DISTINCT,medium,False,"Tiến độ cầu/đường kết nối đảo Vũ Yên. Theo dõi tiến độ thực, mức sử dụng và tác động lên nhu cầu ở/thuê thay vì chỉ theo thông báo.",Chi phí hoàn thiện/duy trì biệt thự và sản phẩm nghỉ dưỡng cao. Yêu cầu bằng chứng và lập kịch bản bất lợi trước khi quyết định.,"Cùng dự án nhưng một đoạn là động lực thị trường, đoạn kia là rủi ro; không có claim thẳng hàng để gộp hoặc báo conflict.",,,,,
DCV2_DEV_0072,dev,DISTINCT,medium,False,"Hoạt động thương mại biên giới Móng Cái. Theo dõi tiến độ thực, mức sử dụng và tác động lên nhu cầu ở/thuê thay vì chỉ theo thông báo.",Nguồn giá 2025 dạng “vốn ban đầu” dễ bị hiểu sai. Yêu cầu bằng chứng và lập kịch bản bất lợi trước khi quyết định.,"Cùng dự án nhưng một đoạn là động lực thị trường, đoạn kia là rủi ro; không có claim thẳng hàng để gộp hoặc báo conflict.",,,,,
DCV2_DEV_0088,dev,DISTINCT,medium,False,"Tăng trưởng đô thị và thu nhập tại Thanh Hóa. Theo dõi tiến độ thực, mức sử dụng và tác động lên nhu cầu ở/thuê thay vì chỉ theo thông báo.",Dữ liệu lịch sử ít và số mẫu giao dịch công khai hạn chế. Yêu cầu bằng chứng và lập kịch bản bất lợi trước khi quyết định.,"Cùng dự án nhưng một đoạn là động lực thị trường, đoạn kia là rủi ro; không có claim thẳng hàng để gộp hoặc báo conflict.",,,,,
DCV2_DEV_0001,dev,EXACT_DUPLICATE,easy,False,"Khoảng 43,9 ha; tổ hợp căn hộ, Landmark 81, thương mại, công viên ven sông và biệt thự.","Khoảng 43,9 ha; tổ hợp căn hộ, Landmark 81, thương mại, công viên ven sông và biệt thự.",Hai ô ở hai phần của cùng tài liệu lặp nguyên văn cùng một thuộc tính dự án.,,,,,
DCV2_DEV_0002,dev,EXACT_DUPLICATE,easy,False,"Căn hộ, officetel ở một số tòa, penthouse/duplex, biệt thự và thương mại.","Căn hộ, officetel ở một số tòa, penthouse/duplex, biệt thự và thương mại.",Hai ô ở hai phần của cùng tài liệu lặp nguyên văn cùng một thuộc tính dự án.,,,,,
DCV2_DEV_0003,dev,EXACT_DUPLICATE,easy,False,Đã vận hành ổn định; thị trường thứ cấp/cho thuê sôi động.,Đã vận hành ổn định; thị trường thứ cấp/cho thuê sôi động.,Hai ô ở hai phần của cùng tài liệu lặp nguyên văn cùng một thuộc tính dự án.,,,,,
DCV2_DEV_0010,dev,EXACT_DUPLICATE,easy,True,"208 Nguyễn Hữu Cảnh, Bình Thạnh, TP.HCM; ven sông Sài Gòn, giáp khu trung tâm.","  208   Nguyễn   Hữu   Cảnh,   Bình   Thạnh,   TP.HCM;    ven   sông   Sài   Gòn,   giáp   khu   trung   tâm.  ",Chỉ khác khoảng trắng thường/NBSP; nội dung canonical phải giống hệt.,,,,,
DCV2_DEV_0017,dev,EXACT_DUPLICATE,easy,False,Quy mô công bố khoảng 2.870 ha.,Quy mô công bố khoảng 2.870 ha.,Hai ô ở hai phần của cùng tài liệu lặp nguyên văn cùng một thuộc tính dự án.,,,,,
DCV2_DEV_0018,dev,EXACT_DUPLICATE,easy,False,"Nhà phố, biệt thự, căn hộ và bất động sản thương mại/nghỉ dưỡng theo quy hoạch.","Nhà phố, biệt thự, căn hộ và bất động sản thương mại/nghỉ dưỡng theo quy hoạch.",Hai ô ở hai phần của cùng tài liệu lặp nguyên văn cùng một thuộc tính dự án.,,,,,
DCV2_DEV_0019,dev,EXACT_DUPLICATE,easy,False,"Khởi công năm 2025; đang triển khai, tiện ích lớn chủ yếu ở trạng thái quy hoạch/thi công.","Khởi công năm 2025; đang triển khai, tiện ích lớn chủ yếu ở trạng thái quy hoạch/thi công.",Hai ô ở hai phần của cùng tài liệu lặp nguyên văn cùng một thuộc tính dự án.,,,,,
DCV2_DEV_0026,dev,EXACT_DUPLICATE,easy,True,"Cần Giờ, TP.HCM; đại đô thị biển gắn với hệ sinh thái ven biển.","  Cần   Giờ,   TP.HCM;    đại   đô   thị   biển   gắn   với   hệ   sinh   thái   ven   biển.  ",Chỉ khác khoảng trắng thường/NBSP; nội dung canonical phải giống hệt.,,,,,
DCV2_DEV_0033,dev,EXACT_DUPLICATE,easy,False,"Khoảng 78,5 ha; khoảng 1.480 sản phẩm thấp tầng.","Khoảng 78,5 ha; khoảng 1.480 sản phẩm thấp tầng.",Hai ô ở hai phần của cùng tài liệu lặp nguyên văn cùng một thuộc tính dự án.,,,,,
DCV2_DEV_0034,dev,EXACT_DUPLICATE,easy,False,"Liền kề, shophouse, biệt thự đơn lập/song lập và khách sạn/thương mại.","Liền kề, shophouse, biệt thự đơn lập/song lập và khách sạn/thương mại.",Hai ô ở hai phần của cùng tài liệu lặp nguyên văn cùng một thuộc tính dự án.,,,,,
DCV2_DEV_0035,dev,EXACT_DUPLICATE,easy,False,Đã vận hành; thị trường thứ cấp.,Đã vận hành; thị trường thứ cấp.,Hai ô ở hai phần của cùng tài liệu lặp nguyên văn cùng một thuộc tính dự án.,,,,,
DCV2_DEV_0042,dev,EXACT_DUPLICATE,easy,True,"1 Bạch Đằng, Thượng Lý, Hồng Bàng, Hải Phòng; cửa ngõ trung tâm và ven sông Cấm.","  1   Bạch   Đằng,   Thượng   Lý,   Hồng   Bàng,   Hải   Phòng;    cửa   ngõ   trung   tâm   và   ven   sông   Cấm.  ",Chỉ khác khoảng trắng thường/NBSP; nội dung canonical phải giống hệt.,,,,,
DCV2_DEV_0049,dev,EXACT_DUPLICATE,easy,False,Khoảng 877 ha.,Khoảng 877 ha.,Hai ô ở hai phần của cùng tài liệu lặp nguyên văn cùng một thuộc tính dự án.,,,,,
DCV2_DEV_0050,dev,EXACT_DUPLICATE,easy,False,"Biệt thự, liền kề, shophouse và sản phẩm thương mại/nghỉ dưỡng.","Biệt thự, liền kề, shophouse và sản phẩm thương mại/nghỉ dưỡng.",Hai ô ở hai phần của cùng tài liệu lặp nguyên văn cùng một thuộc tính dự án.,,,,,
DCV2_DEV_0051,dev,EXACT_DUPLICATE,easy,False,Ra mắt năm 2024; đang bàn giao/thi công theo phân khu.,Ra mắt năm 2024; đang bàn giao/thi công theo phân khu.,Hai ô ở hai phần của cùng tài liệu lặp nguyên văn cùng một thuộc tính dự án.,,,,,
DCV2_DEV_0058,dev,EXACT_DUPLICATE,easy,True,"Đảo Vũ Yên, Hải Phòng; kết nối trung tâm qua hệ thống cầu/đường.","  Đảo   Vũ   Yên,   Hải   Phòng;    kết   nối   trung   tâm   qua   hệ   thống   cầu/đường.  ",Chỉ khác khoảng trắng thường/NBSP; nội dung canonical phải giống hệt.,,,,,
DCV2_DEV_0065,dev,EXACT_DUPLICATE,easy,False,Nguồn công khai dao động khoảng 110–116 ha; khoảng 2.322 sản phẩm được nêu trên cổng dự án.,Nguồn công khai dao động khoảng 110–116 ha; khoảng 2.322 sản phẩm được nêu trên cổng dự án.,Hai ô ở hai phần của cùng tài liệu lặp nguyên văn cùng một thuộc tính dự án.,,,,,
DCV2_DEV_0066,dev,EXACT_DUPLICATE,easy,False,"Liền kề, shophouse và biệt thự.","Liền kề, shophouse và biệt thự.",Hai ô ở hai phần của cùng tài liệu lặp nguyên văn cùng một thuộc tính dự án.,,,,,
DCV2_DEV_0067,dev,EXACT_DUPLICATE,easy,False,Khởi công/ra mắt từ 2022; đang hình thành và vận hành theo phân khu.,Khởi công/ra mắt từ 2022; đang hình thành và vận hành theo phân khu.,Hai ô ở hai phần của cùng tài liệu lặp nguyên văn cùng một thuộc tính dự án.,,,,,
DCV2_DEV_0074,dev,EXACT_DUPLICATE,easy,True,"Hải Hòa, Móng Cái, Quảng Ninh; gần cửa khẩu Bắc Luân II và trục biên mậu.","  Hải   Hòa,   Móng   Cái,   Quảng   Ninh;    gần   cửa   khẩu   Bắc   Luân   II   và   trục   biên   mậu.  ",Chỉ khác khoảng trắng thường/NBSP; nội dung canonical phải giống hệt.,,,,,
DCV2_DEV_0081,dev,EXACT_DUPLICATE,easy,False,"Khoảng 147,5 ha; khu thấp tầng và các dự án căn hộ mới trong khu vực.","Khoảng 147,5 ha; khu thấp tầng và các dự án căn hộ mới trong khu vực.",Hai ô ở hai phần của cùng tài liệu lặp nguyên văn cùng một thuộc tính dự án.,,,,,
DCV2_DEV_0082,dev,EXACT_DUPLICATE,easy,False,"Biệt thự, liền kề, shophouse; căn hộ thương mại và nhà ở xã hội là các phân khúc riêng.","Biệt thự, liền kề, shophouse; căn hộ thương mại và nhà ở xã hội là các phân khúc riêng.",Hai ô ở hai phần của cùng tài liệu lặp nguyên văn cùng một thuộc tính dự án.,,,,,
DCV2_DEV_0083,dev,EXACT_DUPLICATE,easy,False,Khu thấp tầng đã vận hành; khu căn hộ mới dự kiến bàn giao theo tiến độ 2026.,Khu thấp tầng đã vận hành; khu căn hộ mới dự kiến bàn giao theo tiến độ 2026.,Hai ô ở hai phần của cùng tài liệu lặp nguyên văn cùng một thuộc tính dự án.,,,,,
DCV2_DEV_0090,dev,EXACT_DUPLICATE,easy,True,"Đại lộ Lê Lợi/khu Đông Hải, TP. Thanh Hóa; gần trung tâm hành chính – thương mại.","  Đại   lộ   Lê   Lợi/khu   Đông   Hải,   TP.   Thanh   Hóa;    gần   trung   tâm   hành   chính   –   thương   mại.  ",Chỉ khác khoảng trắng thường/NBSP; nội dung canonical phải giống hệt.,,,,,
DCV2_DEV_0004,dev,NEAR_DUPLICATE,medium,False,"208 Nguyễn Hữu Cảnh, Bình Thạnh, TP.HCM; ven sông Sài Gòn, giáp khu trung tâm.","Vị trí | 208 Nguyễn Hữu Cảnh, Bình Thạnh, TP.HCM; ven sông Sài Gòn, giáp khu trung tâm.",Cùng vị trí và cùng dự án; phía bảng chỉ bổ sung nhãn trường 'Vị trí'.,,,,,
DCV2_DEV_0005,dev,NEAR_DUPLICATE,medium,False,"Khoảng 43,9 ha; tổ hợp căn hộ, Landmark 81, thương mại, công viên ven sông và biệt thự.","Quy mô | Khoảng 43,9 ha; tổ hợp căn hộ, Landmark 81, thương mại, công viên ven sông và biệt thự.","Giá trị quy mô giống nhau; một phía là ô đơn, phía kia là dòng bảng có nhãn.",,,,,
DCV2_DEV_0011,dev,NEAR_DUPLICATE,medium,True,"208 Nguyễn Hữu Cảnh, Bình Thạnh, TP.HCM; ven sông Sài Gòn, giáp khu trung tâm.","Địa điểm của Vinhomes Central Park: 208 Nguyễn Hữu Cảnh, Bình Thạnh, TP.HCM; ven sông Sài Gòn, giáp khu trung tâm.","Câu B chỉ thêm chủ ngữ và nhãn địa điểm, không đổi bất kỳ fact vị trí nào.",,,,,
DCV2_DEV_0020,dev,NEAR_DUPLICATE,medium,False,"Cần Giờ, TP.HCM; đại đô thị biển gắn với hệ sinh thái ven biển.","Vị trí | Cần Giờ, TP.HCM; đại đô thị biển gắn với hệ sinh thái ven biển.",Cùng vị trí và cùng dự án; phía bảng chỉ bổ sung nhãn trường 'Vị trí'.,,,,,
DCV2_DEV_0021,dev,NEAR_DUPLICATE,medium,False,Quy mô công bố khoảng 2.870 ha.,Quy mô | Quy mô công bố khoảng 2.870 ha.,"Giá trị quy mô giống nhau; một phía là ô đơn, phía kia là dòng bảng có nhãn.",,,,,
DCV2_DEV_0027,dev,NEAR_DUPLICATE,medium,True,"Cần Giờ, TP.HCM; đại đô thị biển gắn với hệ sinh thái ven biển.","Địa điểm của Vinhomes Green Paradise Cần Giờ: Cần Giờ, TP.HCM; đại đô thị biển gắn với hệ sinh thái ven biển.","Câu B chỉ thêm chủ ngữ và nhãn địa điểm, không đổi bất kỳ fact vị trí nào.",,,,,
DCV2_DEV_0036,dev,NEAR_DUPLICATE,medium,False,"1 Bạch Đằng, Thượng Lý, Hồng Bàng, Hải Phòng; cửa ngõ trung tâm và ven sông Cấm.","Vị trí | 1 Bạch Đằng, Thượng Lý, Hồng Bàng, Hải Phòng; cửa ngõ trung tâm và ven sông Cấm.",Cùng vị trí và cùng dự án; phía bảng chỉ bổ sung nhãn trường 'Vị trí'.,,,,,
DCV2_DEV_0037,dev,NEAR_DUPLICATE,medium,False,"Khoảng 78,5 ha; khoảng 1.480 sản phẩm thấp tầng.","Quy mô | Khoảng 78,5 ha; khoảng 1.480 sản phẩm thấp tầng.","Giá trị quy mô giống nhau; một phía là ô đơn, phía kia là dòng bảng có nhãn.",,,,,
DCV2_DEV_0043,dev,NEAR_DUPLICATE,medium,True,"1 Bạch Đằng, Thượng Lý, Hồng Bàng, Hải Phòng; cửa ngõ trung tâm và ven sông Cấm.","Địa điểm của Vinhomes Imperia Hải Phòng: 1 Bạch Đằng, Thượng Lý, Hồng Bàng, Hải Phòng; cửa ngõ trung tâm và ven sông Cấm.","Câu B chỉ thêm chủ ngữ và nhãn địa điểm, không đổi bất kỳ fact vị trí nào.",,,,,
DCV2_DEV_0052,dev,NEAR_DUPLICATE,medium,False,"Đảo Vũ Yên, Hải Phòng; kết nối trung tâm qua hệ thống cầu/đường.","Vị trí | Đảo Vũ Yên, Hải Phòng; kết nối trung tâm qua hệ thống cầu/đường.",Cùng vị trí và cùng dự án; phía bảng chỉ bổ sung nhãn trường 'Vị trí'.,,,,,
DCV2_DEV_0053,dev,NEAR_DUPLICATE,medium,False,Khoảng 877 ha.,Quy mô | Khoảng 877 ha.,"Giá trị quy mô giống nhau; một phía là ô đơn, phía kia là dòng bảng có nhãn.",,,,,
DCV2_DEV_0059,dev,NEAR_DUPLICATE,medium,True,"Đảo Vũ Yên, Hải Phòng; kết nối trung tâm qua hệ thống cầu/đường.","Địa điểm của Vinhomes Royal Island: Đảo Vũ Yên, Hải Phòng; kết nối trung tâm qua hệ thống cầu/đường.","Câu B chỉ thêm chủ ngữ và nhãn địa điểm, không đổi bất kỳ fact vị trí nào.",,,,,
DCV2_DEV_0068,dev,NEAR_DUPLICATE,medium,False,"Hải Hòa, Móng Cái, Quảng Ninh; gần cửa khẩu Bắc Luân II và trục biên mậu.","Vị trí | Hải Hòa, Móng Cái, Quảng Ninh; gần cửa khẩu Bắc Luân II và trục biên mậu.",Cùng vị trí và cùng dự án; phía bảng chỉ bổ sung nhãn trường 'Vị trí'.,,,,,
DCV2_DEV_0069,dev,NEAR_DUPLICATE,medium,False,Nguồn công khai dao động khoảng 110–116 ha; khoảng 2.322 sản phẩm được nêu trên cổng dự án.,Quy mô | Nguồn công khai dao động khoảng 110–116 ha; khoảng 2.322 sản phẩm được nêu trên cổng dự án.,"Giá trị quy mô giống nhau; một phía là ô đơn, phía kia là dòng bảng có nhãn.",,,,,
DCV2_DEV_0075,dev,NEAR_DUPLICATE,medium,True,"Hải Hòa, Móng Cái, Quảng Ninh; gần cửa khẩu Bắc Luân II và trục biên mậu.","Địa điểm của Vinhomes Golden Avenue Móng Cái: Hải Hòa, Móng Cái, Quảng Ninh; gần cửa khẩu Bắc Luân II và trục biên mậu.","Câu B chỉ thêm chủ ngữ và nhãn địa điểm, không đổi bất kỳ fact vị trí nào.",,,,,
DCV2_DEV_0084,dev,NEAR_DUPLICATE,medium,False,"Đại lộ Lê Lợi/khu Đông Hải, TP. Thanh Hóa; gần trung tâm hành chính – thương mại.","Vị trí | Đại lộ Lê Lợi/khu Đông Hải, TP. Thanh Hóa; gần trung tâm hành chính – thương mại.",Cùng vị trí và cùng dự án; phía bảng chỉ bổ sung nhãn trường 'Vị trí'.,,,,,
DCV2_DEV_0085,dev,NEAR_DUPLICATE,medium,False,"Khoảng 147,5 ha; khu thấp tầng và các dự án căn hộ mới trong khu vực.","Quy mô | Khoảng 147,5 ha; khu thấp tầng và các dự án căn hộ mới trong khu vực.","Giá trị quy mô giống nhau; một phía là ô đơn, phía kia là dòng bảng có nhãn.",,,,,
DCV2_DEV_0091,dev,NEAR_DUPLICATE,medium,True,"Đại lộ Lê Lợi/khu Đông Hải, TP. Thanh Hóa; gần trung tâm hành chính – thương mại.","Địa điểm của Vinhomes Star City Thanh Hóa: Đại lộ Lê Lợi/khu Đông Hải, TP. Thanh Hóa; gần trung tâm hành chính – thương mại.","Câu B chỉ thêm chủ ngữ và nhãn địa điểm, không đổi bất kỳ fact vị trí nào.",,,,,
DCV2_DEV_0016,dev,TEMPORAL_VARIANT,medium,True,"08/2026 | 115,8–195,4 triệu đồng/m² | Căn hộ; giá chào bán | Trung bình","09/2027 | 115,8–195,4 triệu đồng/m² | Căn hộ; giá chào bán | Trung bình",B chuyển mốc tham chiếu sang 09/2027; hai kỳ không chồng lấn nên không phải conflict.,,,,,
DCV2_DEV_0032,dev,TEMPORAL_VARIANT,medium,True,"08/2026 | Nhà phố từ khoảng 129,73 triệu đồng/m²; ví dụ 9,73 tỷ/75 m² | Giá giới thiệu/chào bán | Thấp–TB","09/2027 | Nhà phố từ khoảng 129,73 triệu đồng/m²; ví dụ 9,73 tỷ/75 m² | Giá giới thiệu/chào bán | Thấp–TB",B chuyển mốc tham chiếu sang 09/2027; hai kỳ không chồng lấn nên không phải conflict.,,,,,
DCV2_DEV_0048,dev,TEMPORAL_VARIANT,medium,True,"08/2026 | Khoảng 125–303,91 triệu đồng/m² | Thấp tầng; giá chào | Trung bình","09/2027 | Khoảng 125–303,91 triệu đồng/m² | Thấp tầng; giá chào | Trung bình",B chuyển mốc tham chiếu sang 09/2027; hai kỳ không chồng lấn nên không phải conflict.,,,,,
DCV2_DEV_0064,dev,TEMPORAL_VARIANT,medium,True,"08/2026 | Ví dụ 94,71 triệu đồng/m²; khoảng 8,5–70 tỷ/căn tùy loại | Thấp tầng; giá chào | Thấp","09/2027 | Ví dụ 94,71 triệu đồng/m²; khoảng 8,5–70 tỷ/căn tùy loại | Thấp tầng; giá chào | Thấp",B chuyển mốc tham chiếu sang 09/2027; hai kỳ không chồng lấn nên không phải conflict.,,,,,
DCV2_DEV_0080,dev,TEMPORAL_VARIANT,medium,True,"08/2026 | 55,4–69,8 triệu đồng/m² | Biệt thự/liền kề; giá chào | Trung bình","09/2027 | 55,4–69,8 triệu đồng/m² | Biệt thự/liền kề; giá chào | Trung bình",B chuyển mốc tham chiếu sang 09/2027; hai kỳ không chồng lấn nên không phải conflict.,,,,,
DCV2_DEV_0096,dev,TEMPORAL_VARIANT,medium,True,"08/2026 | Căn hộ 39,1–48,7 triệu đồng/m²; không gộp nhà ở xã hội | Căn hộ thương mại; giá chào | Trung bình","09/2027 | Căn hộ 39,1–48,7 triệu đồng/m²; không gộp nhà ở xã hội | Căn hộ thương mại; giá chào | Trung bình",B chuyển mốc tham chiếu sang 09/2027; hai kỳ không chồng lấn nên không phải conflict.,,,,,
DCV2_DEV_0012,dev,VERSION_UPDATE,medium,True,Đã vận hành ổn định; thị trường thứ cấp/cho thuê sôi động.,Đã vận hành ổn định; thị trường thứ cấp/cho thuê sôi động. Báo cáo cập nhật bổ sung yêu cầu kiểm chứng pháp lý từng tài sản.,B giữ nguyên trạng thái và bổ sung một yêu cầu kiểm chứng tương thích; không phủ định A.,,,,,
DCV2_DEV_0028,dev,VERSION_UPDATE,medium,True,"Khởi công năm 2025; đang triển khai, tiện ích lớn chủ yếu ở trạng thái quy hoạch/thi công.","Khởi công năm 2025; đang triển khai, tiện ích lớn chủ yếu ở trạng thái quy hoạch/thi công. Báo cáo cập nhật bổ sung yêu cầu kiểm chứng pháp lý từng tài sản.",B giữ nguyên trạng thái và bổ sung một yêu cầu kiểm chứng tương thích; không phủ định A.,,,,,
DCV2_DEV_0044,dev,VERSION_UPDATE,medium,True,Đã vận hành; thị trường thứ cấp.,Đã vận hành; thị trường thứ cấp. Báo cáo cập nhật bổ sung yêu cầu kiểm chứng pháp lý từng tài sản.,B giữ nguyên trạng thái và bổ sung một yêu cầu kiểm chứng tương thích; không phủ định A.,,,,,
DCV2_DEV_0060,dev,VERSION_UPDATE,medium,True,Ra mắt năm 2024; đang bàn giao/thi công theo phân khu.,Ra mắt năm 2024; đang bàn giao/thi công theo phân khu. Báo cáo cập nhật bổ sung yêu cầu kiểm chứng pháp lý từng tài sản.,B giữ nguyên trạng thái và bổ sung một yêu cầu kiểm chứng tương thích; không phủ định A.,,,,,
DCV2_DEV_0076,dev,VERSION_UPDATE,medium,True,Khởi công/ra mắt từ 2022; đang hình thành và vận hành theo phân khu.,Khởi công/ra mắt từ 2022; đang hình thành và vận hành theo phân khu. Báo cáo cập nhật bổ sung yêu cầu kiểm chứng pháp lý từng tài sản.,B giữ nguyên trạng thái và bổ sung một yêu cầu kiểm chứng tương thích; không phủ định A.,,,,,
DCV2_DEV_0092,dev,VERSION_UPDATE,medium,True,Khu thấp tầng đã vận hành; khu căn hộ mới dự kiến bàn giao theo tiến độ 2026.,Khu thấp tầng đã vận hành; khu căn hộ mới dự kiến bàn giao theo tiến độ 2026. Báo cáo cập nhật bổ sung yêu cầu kiểm chứng pháp lý từng tài sản.,B giữ nguyên trạng thái và bổ sung một yêu cầu kiểm chứng tương thích; không phủ định A.,,,,,
